{
  "threshold": 0.02,
  "metric": "f1",
  "f1": 0.9938119860981606,
  "precision": 0.9890332377256622,
  "recall": 0.9986371379897785
}